site_SARS2,A,C,D,E,F,G,H,I,K,L,M,N,P,Q,R,S,T,V,W,Y
331,N331A,N331C,N331D,N331E,N331F,N331G,N331H,N331I,N331K,N331L,N331M,N331N,N331P,N331Q,N331R,N331S,N331T,N331V,N331W,N331Y
332,I332A,I332C,I332D,I332E,Removed,I332G,I332H,I332I,I332K,I332L,I332M,I332N,I332P,I332Q,I332R,I332S,I332T,I332V,I332W,I332Y
333,T333A,T333C,T333D,T333E,T333F,T333G,T333H,T333I,T333K,T333L,T333M,T333N,T333P,T333Q,T333R,T333S,T333T,T333V,Removed,T333Y
334,N334A,N334C,N334D,N334E,Removed,N334G,N334H,Removed,N334K,Removed,N334M,N334N,N334P,N334Q,N334R,N334S,N334T,N334V,Removed,N334Y
335,L335A,L335C,L335D,L335E,L335F,L335G,L335H,L335I,L335K,L335L,L335M,L335N,L335P,L335Q,L335R,L335S,L335T,L335V,L335W,L335Y
336,Removed,C336C,Removed,Removed,Removed,Removed,Removed,Removed,Removed,Removed,Removed,Removed,Removed,Removed,Removed,Removed,Removed,Removed,Removed,Removed
337,P337A,P337C,P337D,P337E,Removed,P337G,P337H,Removed,P337K,Removed,P337M,P337N,P337P,Removed,P337R,P337S,P337T,Removed,Removed,Removed
338,Removed,Removed,Removed,Removed,F338F,Removed,Removed,F338I,Removed,F338L,F338M,Removed,Removed,Removed,Removed,Removed,Removed,Removed,F338W,F338Y
339,G339A,Removed,G339D,G339E,G339F,G339G,G339H,Removed,G339K,Removed,G339M,G339N,G339P,G339Q,G339R,G339S,G339T,G339V,G339W,G339Y
340,E340A,Removed,E340D,E340E,Removed,Removed,Removed,Removed,E340K,Removed,E340M,Removed,Removed,E340Q,Removed,E340S,E340T,Removed,Removed,Removed
341,Removed,Removed,Removed,Removed,Removed,Removed,Removed,V341I,Removed,V341L,Removed,Removed,Removed,Removed,Removed,Removed,Removed,V341V,Removed,Removed
342,Removed,Removed,Removed,Removed,F342F,Removed,Removed,F342I,Removed,Removed,Removed,Removed,Removed,Removed,Removed,Removed,Removed,Removed,Removed,Removed
343,Removed,Removed,Removed,Removed,Removed,Removed,Removed,Removed,Removed,Removed,Removed,N343N,Removed,Removed,Removed,Removed,Removed,Removed,Removed,Removed
344,A344A,Removed,Removed,Removed,Removed,Removed,Removed,Removed,A344K,Removed,Removed,A344N,Removed,A344Q,A344R,A344S,Removed,Removed,Removed,Removed
345,T345A,Removed,T345D,T345E,Removed,Removed,Removed,Removed,T345K,Removed,Removed,Removed,T345P,T345Q,T345R,T345S,T345T,Removed,Removed,Removed
346,R346A,R346C,R346D,R346E,R346F,R346G,R346H,R346I,R346K,R346L,R346M,R346N,Removed,R346Q,R346R,R346S,R346T,R346V,R346W,R346Y
347,Removed,Removed,Removed,Removed,F347F,Removed,Removed,Removed,Removed,Removed,Removed,Removed,Removed,Removed,Removed,Removed,Removed,Removed,F347W,Removed
348,A348A,Removed,A348D,A348E,Removed,A348G,A348H,Removed,Removed,Removed,Removed,A348N,A348P,A348Q,Removed,A348S,A348T,Removed,Removed,A348Y
349,Removed,S349C,Removed,Removed,Removed,Removed,Removed,Removed,Removed,Removed,Removed,Removed,S349P,Removed,Removed,S349S,Removed,Removed,Removed,Removed
350,Removed,Removed,Removed,Removed,Removed,Removed,Removed,Removed,Removed,Removed,Removed,Removed,Removed,Removed,Removed,Removed,Removed,V350V,Removed,Removed
351,Removed,Removed,Removed,Removed,Y351F,Removed,Removed,Removed,Removed,Removed,Removed,Removed,Removed,Removed,Removed,Removed,Removed,Removed,Y351W,Y351Y
352,A352A,A352C,A352D,A352E,Removed,A352G,A352H,Removed,A352K,Removed,A352M,A352N,Removed,A352Q,A352R,A352S,Removed,Removed,Removed,A352Y
353,Removed,Removed,Removed,Removed,W353F,Removed,Removed,Removed,Removed,Removed,Removed,Removed,Removed,Removed,Removed,Removed,Removed,Removed,W353W,Removed
354,N354A,Removed,N354D,N354E,Removed,N354G,N354H,Removed,N354K,Removed,Removed,N354N,Removed,N354Q,N354R,N354S,N354T,N354V,Removed,Removed
355,Removed,Removed,Removed,Removed,Removed,Removed,Removed,Removed,Removed,Removed,Removed,Removed,Removed,Removed,R355R,Removed,Removed,Removed,Removed,Removed
356,K356A,Removed,Removed,Removed,K356F,Removed,K356H,K356I,K356K,K356L,K356M,Removed,Removed,K356Q,K356R,K356S,K356T,K356V,Removed,K356Y
357,R357A,R357C,R357D,R357E,R357F,Removed,R357H,R357I,R357K,R357L,R357M,R357N,R357P,R357Q,R357R,R357S,R357T,R357V,R357W,R357Y
358,Removed,Removed,Removed,Removed,I358F,Removed,Removed,I358I,Removed,I358L,I358M,Removed,Removed,Removed,Removed,Removed,Removed,I358V,I358W,I358Y
359,S359A,S359C,S359D,S359E,S359F,S359G,S359H,S359I,S359K,Removed,S359M,S359N,S359P,S359Q,S359R,S359S,S359T,S359V,S359W,S359Y
360,Removed,Removed,N360D,N360E,Removed,N360G,N360H,Removed,N360K,Removed,Removed,N360N,N360P,N360Q,N360R,N360S,Removed,Removed,Removed,Removed
361,Removed,C361C,Removed,Removed,Removed,Removed,Removed,Removed,Removed,Removed,Removed,Removed,Removed,Removed,Removed,Removed,Removed,Removed,Removed,Removed
362,V362A,V362C,V362D,V362E,V362F,Removed,V362H,V362I,V362K,V362L,V362M,V362N,Removed,V362Q,V362R,V362S,V362T,V362V,V362W,V362Y
363,A363A,A363C,Removed,Removed,A363F,A363G,Removed,Removed,Removed,A363L,A363M,Removed,A363P,A363Q,Removed,A363S,A363T,A363V,A363W,A363Y
364,Removed,Removed,D364D,Removed,Removed,Removed,Removed,Removed,Removed,Removed,Removed,Removed,Removed,Removed,Removed,Removed,Removed,Removed,Removed,Removed
365,Removed,Removed,Removed,Removed,Y365F,Removed,Removed,Y365I,Removed,Y365L,Y365M,Removed,Removed,Removed,Removed,Removed,Removed,Y365V,Y365W,Y365Y
366,S366A,Removed,S366D,S366E,Removed,S366G,S366H,S366I,S366K,S366L,S366M,S366N,Removed,S366Q,S366R,S366S,S366T,S366V,S366W,Removed
367,V367A,V367C,V367D,V367E,V367F,V367G,V367H,V367I,V367K,V367L,V367M,V367N,V367P,V367Q,V367R,V367S,V367T,V367V,V367W,V367Y
368,Removed,Removed,Removed,Removed,L368F,Removed,Removed,L368I,Removed,L368L,L368M,Removed,Removed,Removed,Removed,Removed,Removed,Removed,Removed,Removed
369,Y369A,Y369C,Y369D,Y369E,Y369F,Y369G,Y369H,Y369I,Y369K,Y369L,Y369M,Y369N,Y369P,Y369Q,Y369R,Y369S,Y369T,Y369V,Y369W,Y369Y
370,N370A,Removed,N370D,N370E,Removed,N370G,N370H,Removed,N370K,N370L,N370M,N370N,N370P,N370Q,N370R,N370S,N370T,Removed,Removed,N370Y
371,S371A,Removed,S371D,S371E,S371F,S371G,S371H,S371I,S371K,S371L,S371M,S371N,S371P,S371Q,S371R,S371S,S371T,S371V,S371W,S371Y
372,A372A,A372C,A372D,A372E,A372F,A372G,A372H,A372I,A372K,A372L,A372M,Removed,A372P,A372Q,A372R,A372S,A372T,A372V,A372W,A372Y
373,S373A,S373C,S373D,S373E,S373F,S373G,S373H,S373I,S373K,S373L,S373M,Removed,S373P,S373Q,S373R,S373S,S373T,S373V,S373W,S373Y
374,Removed,Removed,Removed,Removed,F374F,Removed,Removed,F374I,Removed,Removed,Removed,Removed,Removed,Removed,Removed,Removed,Removed,Removed,F374W,F374Y
375,S375A,Removed,S375D,S375E,Removed,Removed,S375H,Removed,Removed,Removed,Removed,S375N,Removed,S375Q,Removed,S375S,S375T,Removed,Removed,Removed
376,Removed,Removed,Removed,T376E,T376F,Removed,T376H,T376I,T376K,T376L,T376M,T376N,Removed,T376Q,T376R,T376S,T376T,T376V,T376W,T376Y
377,Removed,Removed,Removed,Removed,F377F,Removed,Removed,F377I,Removed,Removed,Removed,Removed,Removed,Removed,Removed,Removed,Removed,F377V,F377W,Removed
378,K378A,K378C,K378D,K378E,Removed,Removed,K378H,K378I,K378K,K378L,K378M,K378N,Removed,K378Q,K378R,K378S,K378T,K378V,Removed,Removed
379,Removed,C379C,Removed,Removed,Removed,Removed,Removed,Removed,Removed,Removed,Removed,Removed,Removed,Removed,Removed,Removed,Removed,Removed,Removed,Removed
380,Removed,Removed,Removed,Removed,Y380F,Removed,Removed,Removed,Removed,Removed,Removed,Removed,Removed,Removed,Removed,Removed,Removed,Removed,Y380W,Y380Y
381,Removed,Removed,Removed,Removed,Removed,G381G,G381H,Removed,G381K,Removed,Removed,G381N,Removed,G381Q,G381R,Removed,Removed,Removed,Removed,Removed
382,Removed,V382C,Removed,Removed,V382F,Removed,Removed,V382I,Removed,V382L,V382M,Removed,Removed,Removed,Removed,Removed,V382T,V382V,Removed,V382Y
383,S383A,S383C,S383D,S383E,S383F,S383G,S383H,S383I,S383K,S383L,S383M,S383N,S383P,S383Q,S383R,S383S,S383T,S383V,Removed,S383Y
384,P384A,P384C,P384D,P384E,P384F,P384G,P384H,P384I,P384K,P384L,P384M,P384N,P384P,P384Q,P384R,P384S,P384T,P384V,P384W,P384Y
385,T385A,Removed,T385D,T385E,T385F,T385G,T385H,T385I,T385K,T385L,T385M,T385N,T385P,T385Q,T385R,T385S,T385T,T385V,T385W,T385Y
386,K386A,K386C,K386D,K386E,Removed,K386G,K386H,K386I,K386K,K386L,K386M,K386N,Removed,K386Q,K386R,K386S,K386T,K386V,Removed,K386Y
387,Removed,Removed,Removed,Removed,Removed,Removed,Removed,L387I,Removed,L387L,L387M,Removed,Removed,Removed,Removed,Removed,Removed,Removed,Removed,Removed
388,N388A,Removed,N388D,N388E,Removed,N388G,N388H,Removed,N388K,Removed,N388M,N388N,N388P,N388Q,N388R,N388S,N388T,N388V,Removed,Removed
389,D389A,D389C,D389D,D389E,D389F,D389G,D389H,Removed,D389K,Removed,D389M,D389N,Removed,D389Q,D389R,D389S,D389T,Removed,Removed,D389Y
390,L390A,L390C,Removed,L390E,L390F,L390G,L390H,L390I,L390K,L390L,L390M,L390N,Removed,L390Q,L390R,L390S,L390T,L390V,L390W,L390Y
391,C391A,C391C,C391D,C391E,C391F,C391G,C391H,C391I,C391K,C391L,C391M,C391N,C391P,C391Q,C391R,C391S,C391T,C391V,C391W,C391Y
392,F392A,F392C,Removed,Removed,F392F,Removed,F392H,F392I,Removed,F392L,F392M,Removed,F392P,Removed,Removed,F392S,F392T,F392V,F392W,F392Y
393,T393A,T393C,T393D,T393E,Removed,T393G,T393H,T393I,T393K,T393L,T393M,T393N,T393P,T393Q,T393R,T393S,T393T,T393V,Removed,T393Y
394,N394A,N394C,N394D,N394E,N394F,N394G,N394H,N394I,N394K,N394L,N394M,N394N,N394P,N394Q,N394R,N394S,N394T,N394V,N394W,N394Y
395,V395A,V395C,Removed,Removed,V395F,V395G,Removed,V395I,Removed,V395L,V395M,Removed,Removed,Removed,Removed,Removed,Removed,V395V,Removed,Removed
396,Removed,Removed,Removed,Removed,Y396F,Removed,Removed,Y396I,Removed,Y396L,Y396M,Y396N,Removed,Removed,Removed,Removed,Y396T,Y396V,Y396W,Y396Y
397,A397A,A397C,Removed,Removed,Removed,Removed,Removed,Removed,Removed,A397L,Removed,Removed,Removed,Removed,Removed,Removed,Removed,A397V,Removed,Removed
398,Removed,Removed,D398D,Removed,Removed,Removed,Removed,Removed,Removed,Removed,Removed,Removed,Removed,Removed,Removed,Removed,Removed,Removed,Removed,Removed
399,Removed,Removed,Removed,Removed,Removed,Removed,Removed,Removed,Removed,Removed,Removed,Removed,Removed,Removed,Removed,S399S,S399T,Removed,Removed,Removed
400,Removed,Removed,Removed,Removed,F400F,Removed,Removed,Removed,Removed,Removed,Removed,Removed,Removed,Removed,Removed,Removed,Removed,Removed,Removed,Removed
401,Removed,Removed,Removed,Removed,Removed,Removed,Removed,Removed,Removed,Removed,Removed,Removed,Removed,Removed,Removed,Removed,Removed,V401V,Removed,Removed
402,Removed,I402C,Removed,Removed,Removed,Removed,Removed,I402I,Removed,I402L,Removed,Removed,Removed,Removed,Removed,Removed,Removed,I402V,Removed,Removed
403,Removed,Removed,Removed,Removed,Removed,Removed,Removed,Removed,R403K,Removed,Removed,Removed,Removed,Removed,R403R,Removed,Removed,Removed,Removed,Removed
404,Removed,Removed,Removed,Removed,Removed,G404G,Removed,Removed,Removed,Removed,Removed,Removed,Removed,Removed,Removed,Removed,Removed,Removed,Removed,Removed
405,D405A,Removed,D405D,Removed,D405F,Removed,D405H,Removed,Removed,Removed,D405M,D405N,Removed,D405Q,D405R,D405S,Removed,Removed,Removed,Removed
406,Removed,Removed,E406D,E406E,Removed,Removed,E406H,Removed,Removed,Removed,Removed,Removed,Removed,E406Q,Removed,Removed,Removed,Removed,Removed,Removed
407,Removed,Removed,Removed,Removed,Removed,Removed,Removed,V407I,Removed,V407L,Removed,Removed,Removed,Removed,Removed,Removed,Removed,V407V,Removed,Removed
408,R408A,R408C,R408D,R408E,R408F,R408G,R408H,R408I,R408K,Removed,R408M,R408N,R408P,R408Q,R408R,R408S,R408T,R408V,R408W,R408Y
409,Removed,Removed,Removed,Q409E,Removed,Removed,Removed,Removed,Removed,Removed,Removed,Removed,Removed,Q409Q,Removed,Removed,Removed,Removed,Removed,Removed
410,Removed,Removed,Removed,Removed,Removed,Removed,Removed,I410I,Removed,Removed,Removed,Removed,Removed,Removed,Removed,Removed,Removed,I410V,Removed,Removed
411,A411A,Removed,Removed,A411E,Removed,A411G,Removed,Removed,Removed,Removed,Removed,Removed,Removed,A411Q,A411R,A411S,Removed,Removed,Removed,Removed
412,Removed,Removed,Removed,Removed,Removed,Removed,Removed,Removed,Removed,Removed,Removed,Removed,P412P,Removed,Removed,Removed,Removed,Removed,Removed,Removed
413,G413A,G413C,Removed,Removed,G413F,G413G,G413H,Removed,G413K,G413L,G413M,G413N,Removed,G413Q,G413R,G413S,Removed,Removed,Removed,G413Y
414,Q414A,Q414C,Removed,Q414E,Removed,Q414G,Q414H,Q414I,Q414K,Removed,Q414M,Removed,Removed,Q414Q,Q414R,Q414S,Q414T,Q414V,Removed,Removed
415,T415A,Removed,Removed,T415E,T415F,T415G,T415H,T415I,T415K,Removed,T415M,T415N,Removed,T415Q,T415R,T415S,T415T,T415V,Removed,T415Y
416,Removed,Removed,Removed,Removed,Removed,G416G,Removed,Removed,Removed,Removed,Removed,Removed,Removed,Removed,Removed,Removed,Removed,Removed,Removed,Removed
417,Removed,Removed,Removed,Removed,K417F,Removed,K417H,Removed,K417K,Removed,Removed,Removed,Removed,Removed,K417R,Removed,Removed,Removed,Removed,K417Y
418,Removed,Removed,Removed,Removed,Removed,Removed,Removed,I418I,Removed,Removed,Removed,Removed,Removed,Removed,Removed,Removed,Removed,I418V,Removed,Removed
419,A419A,Removed,Removed,Removed,Removed,Removed,Removed,Removed,Removed,Removed,Removed,Removed,Removed,Removed,Removed,A419S,Removed,Removed,Removed,Removed
420,D420A,Removed,D420D,D420E,Removed,Removed,Removed,Removed,D420K,D420L,D420M,D420N,Removed,D420Q,D420R,D420S,Removed,Removed,Removed,Removed
421,Removed,Removed,Removed,Removed,Y421F,Removed,Removed,Removed,Removed,Y421L,Removed,Y421N,Removed,Removed,Removed,Removed,Removed,Removed,Removed,Y421Y
422,Removed,Removed,Removed,Removed,Removed,Removed,Removed,Removed,Removed,Removed,Removed,N422N,Removed,Removed,Removed,Removed,Removed,Removed,Removed,Removed
423,Removed,Removed,Removed,Removed,Removed,Removed,Removed,Removed,Removed,Removed,Removed,Removed,Removed,Removed,Removed,Removed,Removed,Removed,Removed,Y423Y
424,Removed,Removed,Removed,Removed,Removed,Removed,K424H,Removed,K424K,Removed,Removed,Removed,Removed,Removed,K424R,Removed,Removed,Removed,Removed,Removed
425,Removed,Removed,Removed,Removed,Removed,Removed,Removed,L425I,Removed,L425L,L425M,Removed,Removed,Removed,Removed,Removed,Removed,L425V,Removed,Removed
426,P426A,Removed,Removed,Removed,Removed,Removed,Removed,Removed,Removed,Removed,Removed,Removed,P426P,Removed,Removed,Removed,Removed,Removed,Removed,Removed
427,D427A,Removed,D427D,D427E,D427F,D427G,D427H,D427I,D427K,D427L,D427M,D427N,D427P,Removed,D427R,D427S,D427T,D427V,D427W,D427Y
428,D428A,Removed,D428D,D428E,Removed,D428G,D428H,Removed,D428K,Removed,Removed,D428N,D428P,D428Q,D428R,D428S,D428T,Removed,Removed,D428Y
429,Removed,Removed,Removed,Removed,F429F,Removed,Removed,Removed,Removed,Removed,Removed,Removed,Removed,Removed,Removed,Removed,Removed,Removed,F429W,Removed
430,T430A,T430C,Removed,Removed,T430F,Removed,T430H,T430I,T430K,T430L,T430M,T430N,Removed,T430Q,T430R,T430S,T430T,T430V,T430W,T430Y
431,Removed,Removed,Removed,Removed,Removed,G431G,Removed,Removed,Removed,Removed,Removed,Removed,Removed,Removed,Removed,Removed,Removed,Removed,Removed,Removed
432,Removed,C432C,Removed,Removed,Removed,Removed,Removed,Removed,Removed,Removed,Removed,Removed,Removed,Removed,Removed,Removed,Removed,Removed,Removed,Removed
433,Removed,Removed,Removed,Removed,Removed,Removed,Removed,V433I,Removed,Removed,Removed,Removed,Removed,Removed,Removed,Removed,Removed,V433V,Removed,Removed
434,Removed,Removed,Removed,Removed,I434F,Removed,Removed,I434I,Removed,I434L,I434M,Removed,Removed,Removed,Removed,Removed,Removed,I434V,I434W,I434Y
435,A435A,Removed,Removed,Removed,Removed,Removed,Removed,Removed,Removed,Removed,Removed,Removed,Removed,Removed,Removed,A435S,A435T,Removed,Removed,Removed
436,Removed,Removed,Removed,Removed,Removed,Removed,Removed,Removed,Removed,Removed,Removed,Removed,Removed,Removed,Removed,Removed,Removed,Removed,W436W,Removed
437,Removed,Removed,Removed,Removed,Removed,Removed,Removed,Removed,Removed,Removed,Removed,N437N,Removed,Removed,Removed,Removed,Removed,Removed,Removed,Removed
438,S438A,Removed,Removed,Removed,Removed,Removed,Removed,Removed,Removed,Removed,Removed,Removed,Removed,Removed,Removed,S438S,S438T,Removed,Removed,Removed
439,N439A,N439C,Removed,Removed,Removed,Removed,Removed,Removed,N439K,N439L,Removed,N439N,Removed,Removed,N439R,Removed,Removed,N439V,Removed,Removed
440,N440A,N440C,N440D,N440E,N440F,N440G,N440H,N440I,N440K,N440L,N440M,N440N,N440P,N440Q,N440R,N440S,N440T,N440V,N440W,N440Y
441,L441A,L441C,L441D,L441E,L441F,Removed,L441H,L441I,L441K,L441L,L441M,Removed,Removed,L441Q,L441R,Removed,Removed,L441V,L441W,L441Y
442,Removed,Removed,D442D,Removed,Removed,Removed,Removed,Removed,Removed,Removed,Removed,Removed,Removed,Removed,Removed,Removed,Removed,Removed,Removed,Removed
443,Removed,Removed,Removed,Removed,Removed,Removed,Removed,Removed,Removed,Removed,Removed,Removed,Removed,Removed,Removed,S443S,Removed,Removed,Removed,Removed
444,K444A,K444C,K444D,K444E,K444F,Removed,K444H,K444I,K444K,K444L,K444M,K444N,Removed,K444Q,K444R,K444S,K444T,K444V,K444W,K444Y
445,V445A,Removed,V445D,V445E,V445F,Removed,V445H,V445I,V445K,V445L,V445M,V445N,V445P,V445Q,V445R,V445S,V445T,V445V,V445W,V445Y
446,Removed,Removed,Removed,G446E,Removed,G446G,Removed,Removed,G446K,Removed,Removed,G446N,Removed,G446Q,G446R,Removed,G446T,Removed,Removed,Removed
447,Removed,Removed,Removed,Removed,Removed,G447G,Removed,Removed,Removed,Removed,Removed,Removed,Removed,Removed,Removed,Removed,Removed,Removed,Removed,Removed
448,Removed,Removed,Removed,Removed,Removed,Removed,Removed,Removed,Removed,Removed,Removed,N448N,Removed,Removed,Removed,Removed,Removed,Removed,Removed,Removed
449,Removed,Removed,Removed,Removed,Removed,Removed,Removed,Removed,Removed,Removed,Removed,Removed,Removed,Removed,Removed,Removed,Removed,Removed,Removed,Y449Y
450,N450A,Removed,N450D,N450E,Removed,N450G,N450H,N450I,N450K,N450L,N450M,N450N,Removed,N450Q,N450R,N450S,Removed,N450V,N450W,N450Y
451,Removed,Removed,Removed,Removed,Y451F,Removed,Y451H,Removed,Removed,Removed,Removed,Removed,Removed,Y451Q,Removed,Removed,Removed,Removed,Removed,Y451Y
452,L452A,L452C,L452D,L452E,L452F,L452G,L452H,L452I,L452K,L452L,L452M,L452N,Removed,L452Q,L452R,L452S,L452T,L452V,L452W,L452Y
453,Removed,Removed,Removed,Removed,Y453F,Removed,Y453H,Removed,Y453K,Y453L,Y453M,Removed,Removed,Removed,Removed,Removed,Removed,Y453V,Y453W,Y453Y
454,Removed,Removed,Removed,Removed,Removed,Removed,Removed,Removed,Removed,Removed,Removed,Removed,Removed,Removed,R454R,Removed,Removed,Removed,Removed,Removed
455,Removed,Removed,Removed,Removed,L455F,Removed,Removed,L455I,Removed,L455L,L455M,Removed,Removed,Removed,Removed,Removed,Removed,Removed,Removed,Removed
456,Removed,Removed,Removed,Removed,F456F,Removed,Removed,Removed,Removed,F456L,Removed,Removed,Removed,Removed,Removed,Removed,Removed,Removed,Removed,Removed
457,Removed,Removed,Removed,Removed,Removed,Removed,Removed,Removed,Removed,Removed,Removed,Removed,Removed,Removed,R457R,Removed,Removed,Removed,Removed,Removed
458,K458A,K458C,K458D,K458E,K458F,K458G,K458H,K458I,K458K,K458L,K458M,K458N,K458P,K458Q,K458R,K458S,K458T,K458V,Removed,K458Y
459,S459A,S459C,S459D,S459E,S459F,S459G,S459H,S459I,S459K,Removed,S459M,S459N,Removed,S459Q,S459R,S459S,S459T,S459V,Removed,S459Y
460,N460A,N460C,N460D,N460E,N460F,N460G,N460H,N460I,N460K,N460L,N460M,N460N,N460P,N460Q,N460R,N460S,N460T,N460V,Removed,N460Y
461,Removed,Removed,Removed,Removed,Removed,Removed,Removed,L461I,Removed,L461L,Removed,Removed,Removed,Removed,Removed,Removed,Removed,L461V,Removed,Removed
462,K462A,K462C,K462D,K462E,K462F,K462G,Removed,K462I,K462K,K462L,K462M,K462N,Removed,K462Q,K462R,K462S,K462T,K462V,Removed,K462Y
463,P463A,Removed,Removed,Removed,Removed,Removed,Removed,Removed,Removed,Removed,Removed,Removed,P463P,Removed,Removed,Removed,Removed,Removed,Removed,Removed
464,F464A,Removed,Removed,Removed,F464F,F464G,F464H,Removed,Removed,F464L,F464M,F464N,Removed,F464Q,Removed,F464S,Removed,Removed,F464W,F464Y
465,E465A,Removed,E465D,E465E,Removed,E465G,Removed,Removed,Removed,Removed,Removed,Removed,Removed,E465Q,Removed,Removed,E465T,Removed,Removed,Removed
466,Removed,Removed,Removed,Removed,Removed,Removed,Removed,Removed,R466K,Removed,Removed,Removed,Removed,R466Q,R466R,Removed,Removed,Removed,Removed,Removed
467,Removed,Removed,D467D,Removed,Removed,Removed,Removed,Removed,Removed,Removed,Removed,Removed,Removed,Removed,Removed,Removed,Removed,Removed,Removed,Removed
468,I468A,I468C,I468D,I468E,I468F,Removed,I468H,I468I,I468K,I468L,I468M,I468N,Removed,I468Q,I468R,I468S,I468T,I468V,Removed,Removed
469,S469A,Removed,S469D,S469E,Removed,S469G,Removed,Removed,S469K,Removed,Removed,S469N,Removed,S469Q,S469R,S469S,S469T,Removed,Removed,Removed
470,T470A,T470C,T470D,T470E,T470F,T470G,T470H,T470I,T470K,T470L,T470M,T470N,Removed,T470Q,T470R,T470S,T470T,T470V,Removed,T470Y
471,E471A,Removed,E471D,E471E,E471F,E471G,E471H,E471I,E471K,E471L,E471M,E471N,E471P,E471Q,E471R,E471S,E471T,E471V,Removed,E471Y
472,Removed,Removed,Removed,Removed,Removed,Removed,Removed,I472I,Removed,I472L,I472M,Removed,Removed,Removed,Removed,Removed,I472T,Removed,Removed,Removed
473,Removed,Removed,Removed,Removed,Y473F,Removed,Y473H,Removed,Removed,Removed,Removed,Removed,Removed,Removed,Removed,Removed,Removed,Removed,Removed,Y473Y
474,Q474A,Removed,Q474D,Q474E,Removed,Q474G,Q474H,Removed,Q474K,Removed,Q474M,Q474N,Q474P,Q474Q,Q474R,Q474S,Q474T,Removed,Removed,Removed
475,A475A,Removed,Removed,Removed,Removed,A475G,Removed,Removed,Removed,Removed,Removed,Removed,Removed,Removed,Removed,A475S,Removed,A475V,Removed,Removed
476,Removed,Removed,Removed,Removed,Removed,G476G,Removed,Removed,Removed,Removed,Removed,Removed,Removed,Removed,Removed,G476S,Removed,Removed,Removed,Removed
477,S477A,Removed,S477D,S477E,S477F,S477G,S477H,S477I,S477K,S477L,S477M,S477N,S477P,S477Q,S477R,S477S,S477T,S477V,S477W,S477Y
478,T478A,Removed,T478D,T478E,T478F,T478G,T478H,T478I,T478K,T478L,T478M,T478N,Removed,T478Q,T478R,T478S,T478T,T478V,T478W,T478Y
479,P479A,P479C,P479D,P479E,P479F,P479G,P479H,P479I,P479K,P479L,P479M,P479N,P479P,P479Q,P479R,P479S,P479T,P479V,Removed,P479Y
480,Removed,C480C,Removed,Removed,Removed,Removed,Removed,Removed,Removed,Removed,Removed,Removed,Removed,Removed,Removed,Removed,Removed,Removed,Removed,Removed
481,N481A,N481C,N481D,N481E,N481F,N481G,N481H,N481I,N481K,N481L,N481M,N481N,Removed,N481Q,N481R,N481S,N481T,N481V,N481W,N481Y
482,G482A,Removed,G482D,G482E,Removed,G482G,G482H,Removed,G482K,G482L,Removed,G482N,Removed,G482Q,G482R,G482S,Removed,Removed,Removed,Removed
483,V483A,V483C,V483D,V483E,V483F,V483G,V483H,V483I,V483K,V483L,V483M,V483N,Removed,V483Q,V483R,V483S,V483T,V483V,V483W,V483Y
484,E484A,Removed,Removed,E484E,Removed,E484G,Removed,Removed,E484K,Removed,Removed,E484N,Removed,E484Q,E484R,E484S,E484T,Removed,Removed,Removed
485,G485A,Removed,Removed,Removed,Removed,G485G,Removed,Removed,G485K,Removed,Removed,Removed,Removed,G485Q,G485R,Removed,Removed,Removed,Removed,Removed
486,Removed,Removed,Removed,Removed,F486F,Removed,Removed,Removed,Removed,Removed,Removed,Removed,F486P,Removed,Removed,Removed,Removed,Removed,Removed,Removed
487,Removed,Removed,Removed,Removed,Removed,Removed,Removed,Removed,Removed,Removed,Removed,N487N,Removed,Removed,Removed,Removed,Removed,Removed,Removed,Removed
488,Removed,C488C,Removed,Removed,Removed,Removed,Removed,Removed,Removed,Removed,Removed,Removed,Removed,Removed,Removed,Removed,Removed,Removed,Removed,Removed
489,Removed,Removed,Removed,Removed,Removed,Removed,Removed,Removed,Removed,Removed,Removed,Removed,Removed,Removed,Removed,Removed,Removed,Removed,Removed,Y489Y
490,F490A,F490C,F490D,F490E,F490F,F490G,F490H,F490I,F490K,F490L,F490M,F490N,F490P,F490Q,F490R,F490S,F490T,F490V,F490W,F490Y
491,Removed,Removed,Removed,Removed,Removed,Removed,Removed,Removed,Removed,Removed,Removed,Removed,P491P,Removed,Removed,Removed,Removed,Removed,Removed,Removed
492,Removed,Removed,Removed,Removed,Removed,Removed,Removed,L492I,Removed,L492L,Removed,Removed,Removed,Removed,Removed,Removed,Removed,L492V,Removed,Removed
493,Q493A,Q493C,Removed,Removed,Q493F,Q493G,Q493H,Q493I,Q493K,Q493L,Q493M,Removed,Removed,Q493Q,Q493R,Q493S,Q493T,Q493V,Q493W,Q493Y
494,S494A,S494C,Removed,S494E,S494F,Removed,S494H,Removed,S494K,Removed,S494M,S494N,S494P,S494Q,S494R,S494S,S494T,Removed,Removed,S494Y
495,Removed,Removed,Removed,Removed,Removed,Removed,Removed,Removed,Removed,Removed,Removed,Removed,Removed,Removed,Removed,Removed,Removed,Removed,Removed,Y495Y
496,Removed,Removed,Removed,Removed,Removed,G496G,Removed,Removed,Removed,Removed,Removed,Removed,Removed,Removed,Removed,Removed,Removed,Removed,Removed,Removed
497,Removed,Removed,Removed,Removed,F497F,Removed,Removed,Removed,Removed,Removed,Removed,Removed,Removed,Removed,Removed,Removed,Removed,Removed,Removed,Removed
498,Q498A,Removed,Removed,Removed,Q498F,Removed,Q498H,Removed,Removed,Removed,Removed,Removed,Removed,Q498Q,Q498R,Q498S,Removed,Removed,Q498W,Q498Y
499,Removed,Removed,Removed,Removed,Removed,Removed,Removed,Removed,P499K,Removed,Removed,Removed,P499P,Removed,P499R,Removed,P499T,Removed,Removed,Removed
500,Removed,Removed,Removed,Removed,Removed,Removed,Removed,Removed,Removed,Removed,Removed,Removed,Removed,Removed,Removed,Removed,T500T,Removed,Removed,Removed
501,N501A,Removed,Removed,Removed,N501F,Removed,N501H,N501I,Removed,Removed,N501M,N501N,Removed,N501Q,Removed,N501S,N501T,N501V,N501W,N501Y
502,Removed,Removed,Removed,Removed,Removed,G502G,Removed,Removed,Removed,Removed,Removed,Removed,Removed,Removed,Removed,Removed,Removed,Removed,Removed,Removed
503,V503A,V503C,V503D,Removed,V503F,V503G,V503H,V503I,V503K,V503L,V503M,V503N,Removed,V503Q,V503R,Removed,Removed,V503V,V503W,V503Y
504,G504A,Removed,Removed,Removed,Removed,G504G,Removed,Removed,Removed,Removed,Removed,G504N,Removed,Removed,Removed,Removed,Removed,Removed,Removed,Removed
505,Removed,Removed,Removed,Removed,Y505F,Removed,Removed,Removed,Removed,Removed,Removed,Removed,Removed,Removed,Removed,Removed,Removed,Removed,Y505W,Y505Y
506,Removed,Removed,Removed,Removed,Removed,Removed,Removed,Removed,Removed,Removed,Removed,Removed,Removed,Q506Q,Removed,Removed,Removed,Removed,Removed,Removed
507,Removed,Removed,Removed,Removed,Removed,Removed,Removed,Removed,Removed,Removed,Removed,Removed,P507P,Removed,Removed,Removed,Removed,Removed,Removed,Removed
508,Removed,Removed,Removed,Removed,Y508F,Removed,Y508H,Removed,Removed,Removed,Y508M,Y508N,Removed,Removed,Removed,Removed,Removed,Removed,Y508W,Y508Y
509,Removed,Removed,Removed,Removed,Removed,Removed,Removed,Removed,Removed,Removed,Removed,Removed,Removed,Removed,R509R,Removed,Removed,Removed,Removed,Removed
510,Removed,V510C,Removed,Removed,Removed,Removed,Removed,V510I,Removed,Removed,Removed,Removed,Removed,Removed,Removed,Removed,Removed,V510V,Removed,Removed
511,Removed,Removed,Removed,Removed,Removed,Removed,Removed,Removed,Removed,Removed,Removed,Removed,Removed,Removed,Removed,Removed,Removed,V511V,Removed,Removed
512,Removed,Removed,Removed,Removed,Removed,Removed,Removed,Removed,Removed,Removed,Removed,Removed,Removed,Removed,Removed,Removed,Removed,V512V,Removed,Removed
513,Removed,Removed,Removed,Removed,Removed,Removed,Removed,L513I,Removed,L513L,L513M,Removed,Removed,Removed,Removed,Removed,Removed,Removed,Removed,Removed
514,S514A,S514C,Removed,Removed,Removed,S514G,S514H,S514I,S514K,Removed,S514M,S514N,Removed,S514Q,Removed,S514S,S514T,S514V,S514W,S514Y
515,Removed,Removed,Removed,Removed,F515F,Removed,Removed,Removed,Removed,F515L,F515M,Removed,Removed,Removed,Removed,Removed,Removed,Removed,Removed,Removed
516,Removed,Removed,E516D,E516E,Removed,E516G,E516H,Removed,E516K,Removed,Removed,E516N,Removed,E516Q,E516R,E516S,E516T,Removed,E516W,Removed
517,L517A,L517C,L517D,L517E,L517F,L517G,L517H,L517I,L517K,L517L,L517M,L517N,L517P,L517Q,L517R,L517S,L517T,L517V,L517W,L517Y
518,L518A,L518C,L518D,L518E,L518F,L518G,L518H,L518I,L518K,L518L,L518M,L518N,L518P,L518Q,L518R,L518S,L518T,L518V,L518W,L518Y
519,H519A,H519C,H519D,H519E,H519F,H519G,H519H,H519I,H519K,H519L,Removed,H519N,H519P,H519Q,H519R,H519S,H519T,H519V,H519W,H519Y
520,A520A,Removed,A520D,A520E,A520F,A520G,A520H,A520I,A520K,A520L,A520M,A520N,A520P,A520Q,A520R,A520S,A520T,A520V,Removed,A520Y
521,P521A,P521C,P521D,P521E,P521F,P521G,P521H,Removed,P521K,Removed,P521M,P521N,P521P,P521Q,P521R,P521S,P521T,P521V,Removed,P521Y
522,A522A,A522C,A522D,A522E,A522F,A522G,A522H,A522I,A522K,A522L,A522M,A522N,A522P,A522Q,A522R,A522S,A522T,A522V,A522W,A522Y
523,T523A,Removed,Removed,Removed,T523F,T523G,T523H,T523I,T523K,T523L,Removed,T523N,T523P,T523Q,T523R,T523S,T523T,T523V,Removed,T523Y
524,V524A,Removed,Removed,V524E,Removed,V524G,Removed,V524I,Removed,V524L,Removed,Removed,Removed,Removed,Removed,Removed,Removed,V524V,Removed,V524Y
525,C525A,C525C,C525D,C525E,C525F,Removed,Removed,C525I,C525K,C525L,C525M,C525N,Removed,Removed,C525R,C525S,C525T,C525V,C525W,C525Y
526,G526A,G526C,G526D,G526E,G526F,G526G,G526H,G526I,G526K,G526L,G526M,G526N,G526P,G526Q,G526R,G526S,G526T,G526V,G526W,G526Y
527,P527A,P527C,P527D,P527E,P527F,P527G,P527H,P527I,P527K,P527L,P527M,P527N,P527P,P527Q,P527R,P527S,P527T,P527V,Removed,P527Y
528,K528A,K528C,K528D,K528E,K528F,K528G,K528H,K528I,K528K,K528L,K528M,K528N,K528P,K528Q,K528R,K528S,K528T,K528V,K528W,K528Y
529,K529A,K529C,K529D,K529E,K529F,K529G,K529H,K529I,K529K,K529L,K529M,K529N,K529P,K529Q,K529R,K529S,K529T,K529V,K529W,K529Y
530,S530A,S530C,S530D,S530E,S530F,S530G,S530H,S530I,S530K,S530L,S530M,S530N,S530P,S530Q,S530R,S530S,S530T,S530V,S530W,S530Y
531,T531A,T531C,T531D,T531E,T531F,T531G,T531H,T531I,T531K,T531L,T531M,T531N,T531P,T531Q,T531R,T531S,T531T,T531V,T531W,T531Y
